picnicgrove_id,preserve_name,grove,capacity,large_capacity,grove_type,location,poi_info_id,geom
1,Busse Lake Boating Center,21,100,no,no shelter,"Elk Grove Twp, IL",189,0101000020E61000002F7F93A8BA0156C0F555C71C99034540
2,Busse Lake Boating Center,22,100,no,no shelter,"Elk Grove Twp, IL",189,0101000020E6100000B50B7DBC900156C02866CBE285034540
3,Busse Lake Boating Center,23,100,no,no shelter,"Elk Grove Twp, IL",189,0101000020E6100000D8D6EA6E850156C0C738DE4F6F034540
6,Harms Woods-North,6,100,no,no shelter,"Niles Twp, IL",271,0101000020E610000080FD38CF46F155C098283B52DB074540
7,Harms Woods-Central,4,200,no,no shelter,"Niles Twp, IL",272,0101000020E61000002935774647F155C0603BD776BE074540
8,Whistler Woods,2,200,no,no shelter,"Village of Riverdale, IL",141,0101000020E610000097CE2DBCF3E855C0D2CBD63DC5D34440
9,Bemis Woods-South,6,200,no,shelter,"Proviso Twp, IL",250,0101000020E6100000565A18F403FA55C098C87E5E38E94440
10,North Creek Meadow,1,200,yes,shelter,"Lansing, IL",164,0101000020E61000000998AB87F4E355C06C5176FD99C54440
11,North Creek Meadow,2,200,yes,shelter,"Lansing, IL",164,0101000020E61000002DCB3EDBDAE355C0E3C3E501AFC54440
12,Jurgensen Woods,1,300,no,shelter,"Bloom Twp, IL",162,0101000020E6100000551234F9C7E555C087CB575FA5C64440
13,Jurgensen Woods,2,350,no,shelter,"Bloom Twp, IL",162,0101000020E6100000D345F2E1B2E555C0BBFC757763C64440
14,Potawatomi Woods,1,350,no,shelter,"Wheeling Twp, IL",206,0101000020E61000005772637EBDF955C082D8E66218124540
15,Dam No. 1 Woods-East,2,250,no,shelter,"Wheeling Twp, IL",317,0101000020E61000002AAEB2BF39F955C02056A3C6A60F4540
16,Bemis Woods-North,4,300,no,shelter,"Proviso Twp, IL",390,0101000020E6100000C297793617FA55C01FE7960331EA4440
17,Bemis Woods-North,1,150,no,shelter,"Proviso Twp, IL",390,0101000020E6100000C241BEA3BCF955C0A6AA048917EA4440
18,Bemis Woods-South,5,350,no,shelter,"Proviso Twp, IL",250,0101000020E6100000573A143BB6F955C003201C3327E94440
19,Bemis Woods-South,7,300,no,shelter,"Proviso Twp, IL",250,0101000020E6100000EBFB4AA22DFA55C08624A3BB6FE94440
20,Midlothian Meadows,4,250,yes,shelter,"Midlothian, IL",306,0101000020E61000007076DA695AEE55C0E8BE0BD150CE4440
21,Midlothian Meadows,3,100,yes,shelter,"Midlothian, IL",306,0101000020E610000098489BDA87EE55C070E9611619CE4440
22,Midlothian Meadows,2,250,yes,shelter,"Midlothian, IL",306,0101000020E6100000198B239245EE55C046088808CBCD4440
23,Midlothian Meadows,1,250,yes,shelter,"Midlothian, IL",306,0101000020E61000007902FC481CEE55C0398F6463B3CD4440
24,Vollmer Road Grove,1,150,no,shelter,"Rich Twp, IL",309,0101000020E610000095994F5605EE55C0A7CA2A8AB0C34440
25,Miller Meadow-North,2,0,yes,shelter,"Maywood, IL",236,0101000020E61000003EDF37122FF555C09E6F8E1886EE4440
26,Miller Meadow-North,4,0,yes,shelter,"Maywood, IL",236,0101000020E61000001AE03EFA02F555C078AE45596FEE4440
27,Miller Meadow-South,5,0,yes,shelter,"Maywood, IL",237,0101000020E6100000FB052A990EF555C0BE71909205EE4440
28,Schuth's Grove,1,250,no,shelter,"Proviso Twp, IL",238,0101000020E61000000654D069BFF455C04FEC8949E2EC4440
29,Bur Oak Woods,1,300,no,shelter,"Bremen Twp, IL",177,0101000020E6100000260E1500C8F255C0666212C92FD24440
30,Bur Oak Woods,3,300,no,shelter,"Bremen Twp, IL",177,0101000020E6100000C04E2BDB82F255C0C3B2D90A3BD24440
31,Tinley Creek Woods,1,250,no,shelter,"Bremen Twp, IL",176,0101000020E6100000CC37B363BAF255C03889F11E3CD14440
34,Bunker Hill,1,300,no,shelter,"City of Chicago, IL",282,0101000020E61000007DED74C827F255C06F5F791B4E004540
35,Caldwell Woods,1,150,no,shelter,"City of Chicago, IL",283,0101000020E610000019F1832C52F255C0A2C226F3C5FF4440
36,Edgebrook Woods,1,200,no,shelter,"City of Chicago, IL",287,0101000020E61000003126F75EE6F055C07ADF44EFE5FE4440
37,"Thaddeus S. ""Ted"" Lechowicz Woods",1,250,no,shelter,"City of Chicago, IL",52,0101000020E61000006F02DFF2D2F055C0D788324389FE4440
38,Forest Glen Woods,1,300,no,shelter,"City of Chicago, IL",288,0101000020E6100000EA65D84F69F055C078D2EBA390FD4440
39,Deer Grove,5,300,no,shelter,"Palatine Twp, IL",180,0101000020E6100000EB7E893AB70456C0B4C7C13AAC124540
40,Harms Woods-South,2,100,no,no shelter,"Niles Twp, IL",273,0101000020E6100000D19DC5104EF155C0162FBDCC69074540
41,Arrowhead Lake,1,350,no,shelter,"Worth Twp, IL",128,0101000020E6100000F556CAB8B7F255C0075FAD53E6D24440
42,Elizabeth A. Conkey Forest-South,1,300,yes,shelter,"Crestwood, IL",131,0101000020E6100000292B68BDDFF055C0BD02468ADED24440
43,Elizabeth A. Conkey Forest-North,8,350,yes,shelter,"Crestwood, IL",130,0101000020E610000009E292FE9AF055C071D6840849D34440
44,Deer Grove,4,150,no,shelter,"Palatine Twp, IL",180,0101000020E610000057B9AC80520456C0EB8E9EACA9124540
45,Deer Grove,1,100,no,shelter,"Palatine Twp, IL",180,0101000020E61000009D80827E4D0456C098CC056B08124540
48,Sauk Trail Woods-North,4,100,no,no shelter,"Village of South Chicago Heights, IL",169,0101000020E61000001AF111B2CAE955C0A44A50DB96BE4440
49,Hickory Hills Woods,1,100,no,no shelter,"Palos Twp, IL",174,0101000020E61000009975540F35F555C0C5363134DCDB4440
50,LaGrange Park Woods,1,75,no,no shelter,"Village of La Grange Park, IL",249,0101000020E6100000D86D61BD0BF855C0A983BDDBA2EA4440
51,Busse Lake Boating Center,17,200,no,shelter,"Elk Grove Twp, IL",189,0101000020E6100000B2FB1CACD50156C0880A8B9D35044540
52,Deer Grove-East,1,300,yes,shelter,"Palatine, IL",181,0101000020E610000051D853F7F70256C056FE190324124540
53,Deer Grove-East,2,300,yes,shelter,"Palatine, IL",181,0101000020E61000007482BB77F10256C0C7C5288D51124540
32,Rubio Woods,3,300,no,shelter,"Bremen Twp, IL",132,0101000020E6100000FA87014903F155C0226F47ED7AD14440
54,Deer Grove-East,3,300,yes,shelter,"Palatine, IL",181,0101000020E6100000A2618927B90256C08D3A8ABF47124540
55,Deer Grove-East,4,200,yes,shelter,"Palatine, IL",181,0101000020E610000021C2256D930256C0A45E0BF356124540
56,Allison Woods,1,100,no,shelter,"Northfield Twp, IL",337,0101000020E61000007019C91FC5F855C07CAA6259E30C4540
57,Lake Avenue Woods-East,1,200,no,shelter,"Northfield Twp, IL",339,0101000020E6100000037B7B0A8BF855C0FC2B89EF9D0B4540
58,Turtlehead Lake,1,350,no,shelter,"Orland Twp, IL",175,0101000020E6100000B39D37160FF355C052343CB585D24440
59,Cermak Woods,1,100,no,shelter,"Village of Lyons, IL",254,0101000020E6100000CD9098C1EDF355C00B661951A8E84440
60,White Eagle Woods-South,2,200,no,shelter,"Village of Lyons, IL",256,0101000020E61000009441FD56A8F355C028839423BFE84440
61,White Eagle Woods-North,1,200,no,shelter,"Village of Lyons, IL",255,0101000020E61000007115C261B4F355C0306FDD7BF7E84440
62,Ottawa Trail Woods-South,2,200,no,shelter,"Village of Lyons, IL",258,0101000020E6100000B659CB7272F355C0AD6CEA71F5E74440
63,Turnbull Woods,1,100,no,shelter,"Village of Glencoe, IL",262,0101000020E6100000C7BFB13494F155C02DE8F7E632134540
66,Somme Woods,1,300,no,shelter,"Village of  Northbrook, IL",261,0101000020E6100000DE0C47C8A6F455C09CD05C29DE114540
67,Blue Star Memorial Woods,1,250,no,shelter,"Village of Glenview, IL",269,0101000020E6100000212B8F977AF155C00A13A1E8DA094540
68,Blue Star Memorial Woods,2,200,no,shelter,"Village of Glenview, IL",269,0101000020E61000009FA82B4E97F155C03403DDB9CF094540
69,Barrington Road Pond,1,300,no,shelter,"Village of Hoffman Estates, IL",197,0101000020E610000020634886690956C05645065935074540
70,Arie Crown Forest,1,100,no,shelter,"City of Countryside, IL",391,0101000020E6100000B45B8DC996F755C068E2F4B327E24440
71,Arie Crown Forest,3,100,no,shelter,"City of Countryside, IL",391,0101000020E61000003FCDBBF835F855C0C8A6AB3AE7E14440
72,Sundown Meadow,2,300,no,shelter,"City of Countryside, IL",290,0101000020E61000004B10215DACF755C064C5D00864E24440
73,Columbia Woods,1,350,no,shelter,"Village of Willow Springs, IL",376,0101000020E61000004B9BD1060AF955C0E53D1D6268DD4440
74,Bunker Hill,7,300,no,shelter,"Village of  Niles, IL",282,0101000020E6100000E7612AFCB1F255C0A58242AE2D014540
75,Bunker Hill,6,300,no,shelter,"Village of  Niles, IL",282,0101000020E61000006680838AA1F255C05641804DC8004540
76,Bunker Hill,5,350,no,shelter,"Village of  Niles, IL",282,0101000020E61000008E2C15EF77F255C0E808FA1FCA004540
77,Bunker Hill,4,300,no,shelter,"Village of  Niles, IL",282,0101000020E61000006B35BEA47FF255C0BF624B8652004540
78,Bunker Hill,3,300,no,shelter,"Village of  Niles, IL",282,0101000020E6100000AC68AA8F5AF255C0838F80677A004540
79,Bunker Hill,2,200,no,shelter,"Village of  Niles, IL",282,0101000020E61000005500D55933F255C0897AE5447D004540
80,Dixmoor Playfield,1,150,no,shelter,"Village of Dixmoor, IL",20,0101000020E610000091EE67143DEA55C0E418E95A51D14440
81,Fullerton Woods,1,100,no,shelter,"Village of River Grove, IL",227,0101000020E61000005544BCF68CF555C0B5B15F56FFF54440
82,Evans Field,1,300,no,shelter,"Village of River Grove, IL",229,0101000020E6100000338E0613F1F455C0814873FDE5F44440
83,Sunset Bridge Meadow,1,250,no,shelter,"Village of River Grove, IL",230,0101000020E6100000A080DA0D29F555C0B0D003B96CF44440
84,Dam No. 4 Woods-East,1,100,no,no shelter,"City of Park Ridge, IL",212,0101000020E6100000EEED5242EBF655C09C9E6EF2C4FF4440
85,Dam No. 2 Woods,1,250,no,shelter,"Wheeling Twp, IL",341,0101000020E6100000CF10C20A0EF955C0CBB326DDC20A4540
86,Dam No. 4 Woods-East,2,300,no,shelter,"City of Park Ridge, IL",212,0101000020E610000079E1702DE8F655C0A6640FCE04004540
87,Schiller Woods-West,2,300,no,shelter,"Village of Schiller Park, IL",218,0101000020E6100000C40FA427A4F655C03370D3B63DFA4440
88,Schiller Woods-West,10,300,no,shelter,"Village of Schiller Park, IL",218,0101000020E61000003067776F64F655C0D64F11A139FA4440
89,Wayside Woods,1,150,no,shelter,"Village of Morton Grove, IL",278,0101000020E6100000065CEA679BF255C08873409D61054540
90,Linne Woods,2,200,no,shelter,"Village of Morton Grove, IL",277,0101000020E6100000508A461B3DF255C0827138E097054540
91,Linne Woods,1,300,no,shelter,"Village of Morton Grove, IL",277,0101000020E610000091BED1213EF255C09D88C13354054540
92,St. Paul Woods,1,0,yes,shelter,"Village of Morton Grove, IL",279,0101000020E61000004A5CA0667FF255C074F534D4B1044540
93,St. Paul Woods,2,0,yes,shelter,"Village of Morton Grove, IL",279,0101000020E6100000A598F547A9F255C0FE846A5CA2044540
94,St. Paul Woods,3,0,yes,shelter,"Village of Morton Grove, IL",279,0101000020E61000005AAD0E1AB3F255C052A8F5812F044540
95,St. Paul Woods,4,0,yes,shelter,"Village of Morton Grove, IL",279,0101000020E6100000FA0339B29DF255C01710426AF5034540
96,Miami Woods,1,200,no,shelter,"Village of Morton Grove, IL",280,0101000020E610000053F9A881CDF255C0A9AA2D90B0034540
97,Thatcher Woods,2,300,no,shelter,"Village of River Forest, IL",232,0101000020E61000009C6B4CA033F555C01377EFF00BF34440
98,Possum Hollow Woods,1,200,no,shelter,"Village of Westchester, IL",248,0101000020E610000050D957E651F855C0983EB1A7E2EA4440
100,Green Lake Woods,1,0,yes,no shelter,"Calumet City, IL",153,0101000020E6100000BA2AF3C7B6E355C0771F801B9ECD4440
101,Green Lake Woods,2,0,yes,no shelter,"Calumet City, IL",153,0101000020E6100000512FB464A5E355C04A6BCFCF7BCD4440
102,Green Lake Woods,3,0,yes,no shelter,"Calumet City, IL",153,0101000020E6100000F06E892390E355C0A36D986F73CD4440
103,Green Lake Woods,4,0,yes,no shelter,"Calumet City, IL",153,0101000020E61000005191DEC18FE355C0976DDDD33DCD4440
104,Miller Meadow-North,1,0,yes,no shelter,"Maywood, IL",236,0101000020E6100000A400DF8A41F555C0E7CC6E6894EE4440
65,Clayhole Woods,1,0,yes,shelter,"Calumet City, IL",152,0101000020E610000044DDCA74B2E355C01BB90A623ACD4440
105,Miller Meadow-North,3,0,yes,no shelter,"Maywood, IL",236,0101000020E6100000ACFDB143FFF455C0278F74EA87EE4440
106,Miller Meadow-South,7,0,yes,no shelter,"Maywood, IL",237,0101000020E61000008C599F2737F555C0DC257660D0ED4440
107,Miller Meadow-South,8,0,yes,no shelter,"Maywood, IL",237,0101000020E6100000468C6A043DF555C0E419732C87ED4440
109,Busse Forest-South,8,0,yes,no shelter,"Elk Grove Village, IL",31,0101000020E6100000550FE68185FF55C07493B5D01F034540
110,Busse Forest-South,7,0,yes,no shelter,"Elk Grove Village, IL",31,0101000020E6100000CB8037389FFF55C04AD7A1362C034540
111,Busse Forest-South,9,0,yes,no shelter,"Elk Grove Village, IL",31,0101000020E610000063E41EB8A2FF55C08B9BB806EC024540
112,Busse Forest-South,10,0,yes,no shelter,"Elk Grove Village, IL",31,0101000020E61000001E1F8A9CB0FF55C0F20CF2DD0D034540
113,Busse Forest-South,13,0,yes,no shelter,"Elk Grove Village, IL",31,0101000020E6100000FB502FE5020056C015D1EF23CE024540
114,Sauk Trail Woods-South,6,200,no,no shelter,"Village of South Chicago Heights, IL",170,0101000020E610000079C916B2D2E955C0215853C726BE4440
116,Iroquois Woods,1,100,no,no shelter,"Maine Twp, IL",208,0101000020E6100000603B53973FF755C0F98577AC5F014540
117,Lansing Woods,1,200,no,no shelter,"Bloom Twp, IL",165,0101000020E6100000801EB04A67E355C04AFDD06F39C74440
118,Lansing Woods,2,200,no,no shelter,"Bloom Twp, IL",165,0101000020E6100000190FC3EE41E355C04574D8ED38C74440
119,Bemis Woods-North,3,200,no,no shelter,"Proviso Twp, IL",390,0101000020E61000007BA08BD0FFF955C04DB9F2F0F1E94440
120,Bemis Woods-North,2,200,no,no shelter,"Proviso Twp, IL",390,0101000020E610000062B3DF20E3F955C03D1B8677EBE94440
121,Busse Forest-North,1,200,no,no shelter,"Elk Grove Twp, IL",184,0101000020E6100000D37166AFEDFF55C0C46673FD18044540
122,Busse Lake Boating Center,19,100,no,no shelter,"Elk Grove Twp, IL",189,0101000020E61000005524289CD80156C0B3111A3A8B034540
123,Busse Lake Boating Center,25,150,no,no shelter,"Elk Grove Twp, IL",189,0101000020E61000007E9465A0430156C079D6AFCDC1034540
125,Schuth's Grove,2,200,no,no shelter,"Proviso Twp, IL",238,0101000020E6100000F42A5727B7F455C0BDE9DCF6F5EC4440
126,Bur Oak Woods,4,150,no,no shelter,"Bremen Twp, IL",177,0101000020E6100000B7AF235C73F255C0A4FE3B5461D24440
127,Bur Oak Woods,2,100,no,no shelter,"Bremen Twp, IL",177,0101000020E610000085616BE0B2F255C07ACD6CAE5ED24440
131,Spears Woods,1,200,no,no shelter,"Palos Twp, IL",295,0101000020E610000032802495A9F655C0518046DCD7DC4440
132,Hidden Pond Woods-East,1,150,no,no shelter,"Palos Twp, IL",55,0101000020E610000032FE773F43F655C0DF8DAB596BDC4440
133,Country Lane Woods,3,100,no,no shelter,"Palos Twp, IL",299,0101000020E6100000382ECFFC5DF755C01C26E02C93DB4440
134,Country Lane Woods,1,200,no,no shelter,"Palos Twp, IL",299,0101000020E6100000BED043B88AF755C0764F78F6B9DB4440
135,Red Gate Woods,1,300,no,no shelter,"Palos Twp, IL",326,0101000020E6100000A84BDADF52FA55C0CFB2C7B7F9DA4440
138,White Oak Woods,1,150,no,no shelter,"Palos Twp, IL",301,0101000020E6100000572CCE6AB6F655C081D080B022DA4440
139,Crooked Creek Woods,1,100,no,no shelter,"Palos Twp, IL",302,0101000020E6100000F3B41CE0B6F655C0443B3AD290D94440
140,Crooked Creek Woods,3,100,no,no shelter,"Palos Twp, IL",302,0101000020E61000000B29182337F655C040BAE7FD04DA4440
141,Wolf Road Woods,1,100,no,no shelter,"Palos Twp, IL",320,0101000020E6100000EA1646AC4CF955C00C6022492DDA4440
142,Pioneer Woods,1,350,yes,no shelter,"Palos Hills, IL",316,0101000020E6100000B05C41A99EF755C0F66D753B2FD94440
144,Forty Acre Woods,1,300,no,no shelter,"Palos Twp, IL",118,0101000020E6100000C02B92378EF655C014B7706428D64440
145,McClaughrey Springs Woods,1,100,no,no shelter,"Palos Twp, IL",119,0101000020E6100000A986669913F655C0D62BCBAAA1D64440
146,Paddock Woods,1,50,no,no shelter,"Palos Twp, IL",121,0101000020E610000098C863843CF555C074216C08E8D64440
147,Brezina Woods,1,150,no,no shelter,"Proviso Twp, IL",247,0101000020E61000000B9207B81FF855C05496A62A2DEC4440
148,Twenty-Sixth Street Woods-East,1,100,no,no shelter,"Proviso Twp, IL",245,0101000020E610000047EA5937A3F655C0750DD6A5E5EB4440
149,Yankee Woods,1,100,no,no shelter,"Bremen Twp, IL",140,0101000020E6100000883E01E46AF055C02D32480CECCB4440
150,Wampum Lake,5,200,no,no shelter,"Thornton Twp, IL",22,0101000020E61000007F3D022509E655C010A9A2F697C94440
151,Wampum Lake,4,200,no,no shelter,"Thornton Twp, IL",22,0101000020E6100000983B51D00AE655C0803BA98274C94440
152,National Grove-South,2,250,no,no shelter,"Village of  North Riverside, IL",241,0101000020E61000005F1733E0BCF455C0731B6BCC61EB4440
153,Whistler Woods,1,200,no,no shelter,"Village of Riverdale, IL",141,0101000020E61000000CC54A2CF8E855C072D92A7982D34440
155,Elizabeth A. Conkey Forest-South,2,300,yes,no shelter,"Crestwood, IL",131,0101000020E610000095DB85D800F155C0032D6E8900D34440
156,Elizabeth A. Conkey Forest-South,3,100,yes,no shelter,"Crestwood, IL",131,0101000020E610000028F9F9D2E8F055C0732BE1C10BD34440
137,Maple Lake,1,300,no,no shelter,"Palos Twp, IL",331,0101000020E61000006AA539A890F855C00BBF07EA4DDB4440
157,Elizabeth A. Conkey Forest-North,6,200,yes,no shelter,"Crestwood, IL",130,0101000020E61000004A7D9819B6F055C0B65E45BC6CD34440
158,Elizabeth A. Conkey Forest-North,7,200,yes,no shelter,"Crestwood, IL",130,0101000020E61000000D7C0783A6F055C05CE3F6DA7DD34440
159,Deer Grove,3,100,no,no shelter,"Palatine Twp, IL",180,0101000020E6100000D584CEFA3D0456C0C5F8379358124540
160,Camp Pine Woods,1,100,no,no shelter,"Northfield Twp, IL",342,0101000020E61000009654ED53CFF855C0CD8C2A86C40A4540
162,Ottawa Trail Woods-North,3,200,no,no shelter,"Village of Lyons, IL",257,0101000020E6100000B824700493F355C0A90F5DC544E84440
163,Ottawa Trail Woods-South,1,100,no,no shelter,"Village of Lyons, IL",258,0101000020E6100000A7E087E978F355C0DBB599498AE74440
164,Sundown Meadow,3,200,no,no shelter,"City of Countryside, IL",290,0101000020E610000030F6945AC9F755C0E4EB1EB096E24440
165,Schiller Woods-West,1,100,no,no shelter,"Village of Schiller Park, IL",218,0101000020E61000009652743184F655C0A835162414FA4440
166,Thatcher Woods,1,350,no,no shelter,"Village of River Forest, IL",232,0101000020E61000009FADB3D726F555C0D9D8424DC4F24440
167,Brownell Woods,1,250,no,no shelter,"Village of Thornton, IL",158,0101000020E6100000DEBD9A4304E755C03FDAA4E22FC84440
168,Possum Hollow Woods,2,200,no,no shelter,"Village of Westchester, IL",248,0101000020E6100000CE6BDBF86FF855C058A3514A28EB4440
170,Sauk Trail Woods-North,3,250,no,shelter,"Village of South Chicago Heights, IL",169,0101000020E610000053480E56BBE955C0661F5E46BABE4440
171,Sauk Trail Woods-Central,5,300,no,shelter,"Village of South Chicago Heights, IL",168,0101000020E6100000DCE9D934D8E955C0FBE2F64251BE4440
172,Sauk Trail Woods-East,1,100,no,shelter,"Village of South Chicago Heights, IL",167,0101000020E6100000B2EE36C358E955C0784F05F446BE4440
173,Chippewa Woods,1,150,no,shelter,"Maine Twp, IL",210,0101000020E6100000B64596665EF755C0C375C914A1004540
174,Carl R. Hansen Woods,1,300,no,shelter,"Hanover Twp, IL",194,0101000020E610000024C13363800C56C0178CC714A2064540
175,Carl R. Hansen Woods,2,250,no,shelter,"Hanover Twp, IL",194,0101000020E61000005BCC08B5AB0C56C08B44B84939064540
176,Maywood Grove,1,200,no,shelter,"Village of Maywood, IL",234,0101000020E6100000543D7A3849F555C02F265FFFF9F14440
177,Plum Creek Play Meadow,1,250,yes,shelter,"Lynwood, IL",28,0101000020E610000000722BA75CE255C0B055B62B30BE4440
178,Plum Creek Play Meadow,2,250,yes,shelter,"Lynwood, IL",28,0101000020E6100000BE94D0063EE255C0CF1C449F37BE4440
179,North Creek Meadow,3,300,yes,shelter,"Lansing, IL",164,0101000020E6100000EFE7003803E455C0DAAB0C9BC8C54440
180,Wampum Lake,3,100,no,no shelter,"Thornton Twp, IL",22,0101000020E6100000BDA0F4D00EE655C0AA70D68253C94440
181,Wampum Lake,1,100,no,no shelter,"Thornton Twp, IL",22,0101000020E610000069873195E7E555C04DAE645811C94440
182,Theodore Stone Forest,2,200,no,no shelter,"Village of Hodgkins, IL",289,0101000020E6100000FAA805CB6EF755C0F28077187CE24440
183,Caldwell Woods,2,150,no,no shelter,"City of Chicago, IL",283,0101000020E610000022BA63C956F255C0A5B56B82D6FF4440
184,Schiller Woods-West,5,100,no,no shelter,"City of Chicago, IL",218,0101000020E61000004E39C9BC83F655C048E6B0F2B6FA4440
185,Schiller Woods-West,7,100,no,no shelter,"City of Chicago, IL",218,0101000020E61000000E0814FA62F655C0DB959BCDB3FA4440
186,Schiller Woods-West,3,300,no,no shelter,"City of Chicago, IL",218,0101000020E6100000634E9BA2AAF655C0F1CDD1BE58FA4440
187,Schiller Woods-West,6,100,no,no shelter,"City of Chicago, IL",218,0101000020E61000004FD4206A4AF655C07A0BF6D89AFA4440
188,Che Che Pin Qua Woods,1,150,no,no shelter,"City of Chicago, IL",223,0101000020E6100000EFA736CC2BF655C01A28C70BCFF94440
189,Dan Ryan Woods-East,9,200,no,no shelter,"City of Chicago, IL",312,0101000020E61000004A91B8DD69EB55C08C06C0B644DE4440
190,Dan Ryan Woods-West,6,200,no,no shelter,"City of Chicago, IL",313,0101000020E610000095664DFC9FEB55C0EC45A2D853DE4440
191,Eggers Grove,2,150,no,no shelter,"City of Chicago, IL",315,0101000020E610000028976190C7E155C049AE223500D84440
192,Ned Brown Meadow,28,200,no,shelter,"Elk Grove Twp, IL",29,0101000020E6100000B535414D8C0156C030664DDE35064540
193,Ned Brown Meadow,29,300,no,shelter,"Elk Grove Twp, IL",29,0101000020E6100000510DD417660156C0DE3AE86543064540
194,Ned Brown Meadow,30,200,no,shelter,"Elk Grove Twp, IL",29,0101000020E610000082CD5E143E0156C0A9F7A47329064540
195,Busse Forest-West,31,200,no,shelter,"Elk Grove Twp, IL",190,0101000020E610000018698437FC0056C0064253CA6E044540
196,Busse Forest-North,3,200,no,shelter,"Elk Grove Twp, IL",184,0101000020E61000004B8EA17CB6FF55C09481A1B2AC054540
197,Busse Forest-North,2,150,no,shelter,"Elk Grove Twp, IL",184,0101000020E61000005EBE2084150056C03DC04833C9044540
198,Busse Forest-Central,4,200,no,shelter,"Elk Grove Twp, IL",191,0101000020E61000001184CF87790056C050E2BCB234044540
199,Busse Lake Boating Center,18,350,no,shelter,"Elk Grove Twp, IL",189,0101000020E61000003F73EFF0CD0156C06FC9FD08BE034540
200,Busse Lake Boating Center,20,250,no,shelter,"Elk Grove Twp, IL",189,0101000020E61000006A608337BE0156C027C5D54471034540
201,Busse Lake Boating Center,24,350,no,shelter,"Elk Grove Twp, IL",189,0101000020E6100000E509CF92660156C0E43069CA9C034540
202,Busse Lake Beisner Road Access,32,300,no,shelter,"Elk Grove Twp, IL",187,0101000020E6100000971C0DF1650056C0F08B2B4C72024540
203,Busse Forest Main Dam,26,300,no,shelter,"Elk Grove Twp, IL",186,0101000020E6100000302EC915DEFF55C0A50358FEDA014540
204,Busse Forest-South,12,0,yes,shelter,"Elk Grove Village, IL",31,0101000020E6100000201B13050F0056C0EC2828B807034540
205,Busse Forest-South,11,0,yes,shelter,"Elk Grove Village, IL",31,0101000020E61000000613C7D7D1FF55C09F18B6141B034540
206,Busse Forest-South,6,0,yes,shelter,"Elk Grove Village, IL",31,0101000020E61000006E5807CE8DFF55C00D4A2A1663034540
207,Busse Forest-South,5,0,yes,shelter,"Elk Grove Village, IL",31,0101000020E610000048F448B66BFF55C00B1EC98279034540
208,Miller Meadow-South,6,0,yes,shelter,"Maywood, IL",237,0101000020E6100000B752F3BD2DF555C020B90EE5EEED4440
209,Carlson Springs Woods,2,300,no,shelter,"Bremen Twp, IL",134,0101000020E6100000F4AC89E71BF255C081D743F572D04440
210,Tampier Greenway Family Picnic Area,1,100,no,shelter,"Orland Twp, IL",366,0101000020E6100000F56B0DE705F955C089BB5D0541D24440
211,Buffalo Woods-North,2,350,no,shelter,"Lyons Twp, IL",292,0101000020E610000063FF52F591F655C0A550AFB274DE4440
212,Buffalo Woods-Central,3,300,no,shelter,"Lyons Twp, IL",293,0101000020E610000048C57F175CF655C0B6B33ACF35DE4440
213,Buffalo Woods-South,4,350,no,shelter,"Lyons Twp, IL",294,0101000020E6100000C6D8A12D55F655C0350AE318EADD4440
214,Willow Springs Woods,2,200,no,shelter,"Palos Twp, IL",296,0101000020E6100000E21F0D04E8F755C0BE00A84F40DD4440
215,Willow Springs Woods,1,200,no,shelter,"Palos Twp, IL",296,0101000020E61000007328EF75E6F755C064FFA0F022DD4440
216,Country Lane Woods,2,200,no,shelter,"Palos Twp, IL",299,0101000020E61000006D0828F166F755C033C140D5C5DB4440
217,Pulaski Woods,1,250,no,shelter,"Palos Twp, IL",321,0101000020E610000092FB508D56F955C0485AD340A8DA4440
218,Crooked Creek Woods,2,350,no,shelter,"Palos Twp, IL",302,0101000020E6100000A1872A1683F655C00DFDD990BBD94440
219,Crooked Creek Woods,4,200,no,shelter,"Palos Twp, IL",302,0101000020E6100000B24A44DF41F655C075E218D8EAD94440
220,Wolf Road Woods,2,200,no,shelter,"Palos Twp, IL",320,0101000020E6100000EAD60B6B68F955C0E6DB5FF910DA4440
221,Pioneer Woods,2,350,yes,shelter,"Palos Hills, IL",316,0101000020E61000001325C2F79AF755C068F24D4964D94440
222,Teason's Woods,1,200,no,shelter,"Palos Twp, IL",112,0101000020E6100000B6ADF94FEDF755C07623ECC39ED74440
223,Cherry Hill Woods,1,200,no,shelter,"Palos Twp, IL",111,0101000020E610000058D76117D6F755C0C31E03D779D64440
224,Swallow Cliff Woods-South,2,200,no,shelter,"Palos Twp, IL",117,0101000020E61000007EA56DC80EF755C0E397FA6D66D64440
225,Swallow Cliff Woods-South,1,100,no,shelter,"Palos Twp, IL",117,0101000020E610000060252481F5F655C025CFAD5C4AD64440
226,Palos Park Woods-North,1,300,no,shelter,"Palos Twp, IL",122,0101000020E610000028E270CBE4F555C0A139A00F2ED74440
227,Palos Park Woods-South,2,200,no,shelter,"Palos Twp, IL",120,0101000020E61000004E111DAD9FF555C096A9FE2B8CD64440
228,Tampier Lake-West,1,100,no,shelter,"Palos Twp, IL",124,0101000020E6100000A0EB058B1DFA55C0540778033AD34440
229,King's Grove,1,300,no,shelter,"Bloom Twp, IL",172,0101000020E610000039BF93C3FAE955C06C4B2422E1BC4440
230,Schubert's Woods,1,300,no,shelter,"Bloom Twp, IL",171,0101000020E61000008C58AC1E2BEA55C00BB69B74BFBD4440
231,Brezina Woods,2,350,no,shelter,"Proviso Twp, IL",247,0101000020E61000001CDD8F9EF6F755C09B03738204EC4440
232,Brezina Woods,3,200,no,shelter,"Proviso Twp, IL",247,0101000020E6100000F2247B58D3F755C06E23D3BF35EC4440
233,Twenty-Sixth Street Woods-West,2,100,no,shelter,"Proviso Twp, IL",246,0101000020E61000003AB22ED8D7F655C020EE716FD7EB4440
234,Bremen Grove,1,350,no,shelter,"Bremen Twp, IL",138,0101000020E61000001EDBE78E25F255C0867E4785E6CC4440
235,Yankee Woods,2,100,no,shelter,"Bremen Twp, IL",140,0101000020E6100000A1BC845378F055C005C003B1F9CB4440
236,Wampum Lake,2,200,no,shelter,"Thornton Twp, IL",22,0101000020E610000000073188F3E555C04D6F002939C94440
237,Sweet Woods,1,350,no,shelter,"Thornton Twp, IL",159,0101000020E610000097F1D0BF66E655C044EEE8FC73C74440
238,Lake Avenue Woods-West,2,300,no,shelter,"Wheeling Twp, IL",340,0101000020E61000008D6FF0D300F955C01CB27E2D6B0B4540
239,Theodore Stone Forest,1,300,no,shelter,"Village of Hodgkins, IL",289,0101000020E610000087A6A90D5AF755C09F9F665194E24440
240,Big Bend Lake,1,200,no,shelter,"City of  Des Plaines, IL",364,0101000020E6100000D356AD0EC5F755C07B7397C1B2064540
241,Lions Woods,1,350,no,shelter,"City of  Des Plaines, IL",204,0101000020E61000007F3B797299F855C069F83336BE064540
243,Camp Ground Road Woods,1,200,no,shelter,"City of  Des Plaines, IL",207,0101000020E61000000F0E271AECF755C0688E613FB9034540
244,LaBagh Woods,1,350,no,shelter,"City of Chicago, IL",56,0101000020E6100000714304B9A5EF55C05A73964A82FD4440
245,LaBagh Woods,4,200,yes,shelter,"City of Chicago, IL",56,0101000020E61000008BA15CCCB7EF55C00CBBA11213FD4440
246,LaBagh Woods,3,200,yes,shelter,"City of Chicago, IL",56,0101000020E6100000710A7D868CEF55C0EE4CB9F510FD4440
247,LaBagh Woods,2,200,yes,shelter,"City of Chicago, IL",56,0101000020E610000089D69381A1EF55C054856E00F5FC4440
248,Catherine Chevalier Woods,3,200,no,shelter,"City of Chicago, IL",214,0101000020E6100000B7447BF688F655C00604FB796CFD4440
249,Catherine Chevalier Woods,2,200,no,shelter,"City of Chicago, IL",214,0101000020E6100000341E688F5FF655C08C27A93263FD4440
250,Catherine Chevalier Woods,1,300,no,shelter,"City of Chicago, IL",214,0101000020E610000041A1299350F655C07614418481FD4440
251,Robinson Woods-South,1,100,no,shelter,"City of Chicago, IL",216,0101000020E61000002139EB72A3F655C0EB593E4394FB4440
252,Robinson Woods-South,2,100,no,shelter,"City of Chicago, IL",216,0101000020E6100000A872550598F655C05E7EB1ED73FB4440
253,Schiller Woods-West,4,300,no,shelter,"City of Chicago, IL",218,0101000020E610000008997CE49DF655C03879D7849CFA4440
254,Schiller Woods-West,9,300,no,shelter,"City of Chicago, IL",218,0101000020E61000009D2E641C54F655C0835888B063FA4440
255,Schiller Woods-West,11,300,no,shelter,"City of Chicago, IL",218,0101000020E61000003C6C8A1523F655C0E04E1F2A75FA4440
256,Schiller Woods-East,12,300,no,shelter,"City of Chicago, IL",221,0101000020E6100000782C858AFDF555C04B8201463FFA4440
257,Schiller Woods-East,13,300,no,shelter,"City of Chicago, IL",221,0101000020E6100000F1DEF48715F655C0CFF7B1280EFA4440
258,Dan Ryan Woods-North,16,300,no,shelter,"City of Chicago, IL",311,0101000020E61000002E2E81869AEB55C01C16A44232DF4440
259,Dan Ryan Woods-North,15,200,no,shelter,"City of Chicago, IL",311,0101000020E610000067C79F5A7CEB55C08816CA4935DF4440
260,Dan Ryan Woods-Central,1,350,no,shelter,"City of Chicago, IL",193,0101000020E61000005B96432A99EB55C02B3B2813EDDE4440
261,Dan Ryan Woods-Central,2,350,no,shelter,"City of Chicago, IL",193,0101000020E6100000256D952B71EB55C0A537AFE3E0DE4440
262,Dan Ryan Woods-Central,4,350,no,shelter,"City of Chicago, IL",193,0101000020E61000003643C94B98EB55C0CD99A272BADE4440
263,Dan Ryan Woods-Central,3,350,no,shelter,"City of Chicago, IL",193,0101000020E61000003136C67C69EB55C06B17DE3CA7DE4440
266,Dan Ryan Woods-South,11,200,no,shelter,"City of Chicago, IL",13,0101000020E6100000A48113A592EB55C0A667902FFADD4440
267,Eggers Grove,3,350,no,shelter,"City of Chicago, IL",315,0101000020E6100000BBD78807D5E155C047C8E101E5D74440
268,Eggers Grove,1,350,no,shelter,"City of Chicago, IL",315,0101000020E61000001733EA7FC9E155C0DAC5612440D84440
269,Joe Orr Woods,1,300,no,shelter,"City of Chicago Heights, IL",166,0101000020E61000002EEF83E256E855C05BF41E4A85C24440
270,Andrew Toman Grove,1,300,no,shelter,"Village of  North Riverside, IL",389,0101000020E6100000AD6478B7BEF455C0F6E0574190EB4440
271,McCormick Woods,1,200,no,shelter,"Village of  North Riverside, IL",240,0101000020E610000056851FD40BF555C0AB42589122EB4440
272,Irene C. Hernandez Family Picnic Area,1,75,no,shelter,,375,0101000020E6100000929C0C5C5DEF55C06A1572ACF6FC4440
273,National Grove-North,3,200,no,shelter,"Village of  North Riverside, IL",353,0101000020E6100000816BC95D1BF555C00A0EE5AEA9EB4440
274,National Grove-South,1,350,no,shelter,"Village of  North Riverside, IL",241,0101000020E6100000D60B9234E6F455C0E657E12F6EEB4440
275,Harms Woods-North,5,300,no,shelter,"Niles Twp, IL",271,0101000020E610000038AA341C63F155C0E7871C32D8074540
276,Harms Woods-Central,3,300,no,shelter,"Niles Twp, IL",272,0101000020E6100000A415C56B42F155C015756F3F91074540
277,Harms Woods-South,1,300,no,shelter,"Niles Twp, IL",273,0101000020E610000004CE700B3AF155C0AAB441BD47074540
278,Calumet Woods,1,200,no,shelter,"Village of Riverdale, IL",144,0101000020E6100000EBCA60DDB4EA55C0A4D0591ACED24440
279,Erickson Woods,1,200,no,shelter,"New Trier Twp, IL",268,0101000020E6100000364A63FFEFF055C0A37AF3DF2C0D4540
281,Busse Forest Main Dam,27,300,no,shelter,"Village of Elk Grove Village, IL",186,0101000020E6100000A3873DC699FF55C027E3EB7424024540
284,Brookfield Woods,1,200,no,shelter,"Village of Brookfield, IL",243,0101000020E6100000AC2DF0DFB4F555C049BD174C0EEB4440
285,Jerome Huppert Woods,1,300,no,shelter,,228,0101000020E6100000441C18D35BF555C09BEB5CC5F1F54440
286,Busse Forest-South,14,0,yes,no shelter,"Elk Grove Village, IL",31,0101000020E61000002A6F3A2D2A0056C0FBC8195ECE024540
287,Busse Forest-South,15,0,yes,no shelter,"Elk Grove Village, IL",31,0101000020E6100000365A38C4570056C0B9B7434600034540
288,Busse Forest-South,16,0,yes,no shelter,"Elk Grove Village, IL",31,0101000020E6100000B9D44FA3540056C083DCDBE95E034540
289,Beaubien Woods,1,150,no,shelter,,147,0101000020E61000003895040858E555C06A9DCF642DD34440
290,Sauk Trail Woods-East,2,200,no,no shelter,"Village of South Chicago Heights, IL",167,0101000020E6100000ECC3230074E955C0C10D2E0B67BE4440
291,Dan Ryan Woods-West,7,200,no,no shelter,"City of Chicago, IL",313,0101000020E610000034E8D44496EB55C02D87A15054DE4440
292,Dan Ryan Woods-West,8,200,no,no shelter,"City of Chicago, IL",313,0101000020E610000091C846CA8CEB55C0AA73C44C55DE4440
293,Dan Ryan Woods-East,13,200,no,no shelter,"City of Chicago, IL",312,0101000020E6100000C77BB1F443EB55C0866320BC42DE4440
294,Dan Ryan Woods-East,14,200,no,no shelter,"City of Chicago, IL",312,0101000020E6100000E1FEAF5738EB55C0575DAA2243DE4440
295,Dan Ryan Woods-South,12,200,no,no shelter,"City of Chicago, IL",13,0101000020E610000086BDF60988EB55C03BFE9C4E09DE4440
264,Dan Ryan Woods-West,5,100,no,shelter,"City of Chicago, IL",193,0101000020E6100000494CE83993EB55C0BE932D8F8CDE4440
265,Dan Ryan Woods-East,10,350,no,shelter,"City of Chicago, IL",193,0101000020E610000028CF76A454EB55C0E5249AF982DE4440
64,Dam No. 1 Woods-West,1,350,no,shelter,"Village of Wheeling, IL",317,0101000020E61000008C8083143EF955C081AAC6B6E70F4540
297,Westchester Woods,1,150,no,no shelter,"Westchester, IL",42,0101000020E6100000E3065C84CFF755C0836EACDB95EC4440
33,Rubio Woods,2,250,no,shelter,"Bremen Twp, IL",132,0101000020E61000009E30EC90F8F055C0C8CC933527D14440
128,Rubio Woods,4,100,no,no shelter,"Bremen Twp, IL",132,0101000020E61000000EBBE12628F155C00F7F8C4457D14440
129,Rubio Woods,1,100,no,no shelter,"Bremen Twp, IL",132,0101000020E610000091FA65461FF155C0123E7D4B23D14440
282,Glenwood Woods-South,2,300,no,shelter,"Village of Glenwood, IL",161,0101000020E61000002F6F8CB9C1E755C08A7A57DE0AC64440
283,Glenwood Woods-North,1,100,no,shelter,"Village of Glenwood, IL",160,0101000020E6100000A43C5952C7E755C0546B0BC742C64440
